,loss,precision,recall,f1,accuracy,val_loss,val_precision,val_recall,val_f1,val_accuracy
0,0.5421616435050964,0.07139898091554642,0.21068090200424194,0.09619955718517303,0.7973317503929138,0.9523486495018005,0.054468728601932526,0.4299066662788391,0.09633202850818634,0.6335344910621643
1,0.3419465720653534,0.09418758749961853,0.013734497129917145,0.02165287546813488,0.9398549795150757,0.4654095768928528,0.03311586380004883,0.004706880077719688,0.00818545464426279,0.9479956030845642
2,0.2655077278614044,0.08639523386955261,0.002665833104401827,0.005022835917770863,0.9456459879875183,0.37812086939811707,0.0,0.0,0.0,0.954349160194397
3,0.24118360877037048,0.08455872535705566,0.0016279290430247784,0.0031360904686152935,0.9452829360961914,0.2840111553668976,0.0,0.0,0.0,0.954349160194397
4,0.21886132657527924,0.089304119348526,0.0006062255706638098,0.0011896140640601516,0.9482057690620422,0.23565654456615448,0.0,0.0,0.0,0.954349160194397
5,0.21255068480968475,0.1278843879699707,0.0005173544050194323,0.001022089272737503,0.9457429051399231,0.2135538011789322,0.0,0.0,0.0,0.954349160194397
6,0.20020954310894012,0.0678824931383133,0.00027892686193808913,0.0005526580498553813,0.9469117522239685,0.19508762657642365,0.0,0.0,0.0,0.954349160194397
7,0.19538411498069763,0.15683136880397797,0.00023433685419149697,0.0004667091998271644,0.9453784227371216,0.18978700041770935,0.0,0.0,0.0,0.954349160194397
8,0.1832360327243805,0.14000007510185242,0.00015651117428205907,0.0003122937341686338,0.9483023881912231,0.18605469167232513,0.0,0.0,0.0,0.954349160194397
9,0.18248972296714783,0.14276844263076782,0.00029817159520462155,0.00059265032177791,0.9464964270591736,0.1844320148229599,0.0,0.0,0.0,0.954349160194397
10,0.17872580885887146,0.15168485045433044,0.00035908707650378346,0.0007083202362991869,0.9461787343025208,0.1838739961385727,0.0,0.0,0.0,0.954349160194397
11,0.17449289560317993,0.2047511786222458,0.00046033470425754786,0.0009068832732737064,0.9458701610565186,0.18425050377845764,0.0,0.0,0.0,0.954349160194397
12,0.1695379763841629,0.24437345564365387,0.0004571081080939621,0.0009079354349523783,0.9468960762023926,0.18401217460632324,0.0,0.0,0.0,0.954349160194397
13,0.1715254932641983,0.2649998068809509,0.004496192093938589,0.0060408590361475945,0.9456926584243774,0.18569408357143402,0.0,0.0,0.0,0.954349160194397
14,0.1676417738199234,0.31156593561172485,0.0004196137888357043,0.0008346883696503937,0.9458657503128052,0.18080830574035645,0.0,0.0,0.0,0.954349160194397
15,0.15867659449577332,0.39451107382774353,0.00039533930248580873,0.0007865393999963999,0.9485055208206177,0.18122971057891846,0.0,0.0,0.0,0.954349160194397
16,0.15811830759048462,0.45455387234687805,0.0010216031223535538,0.002036510268226266,0.9470410943031311,0.18164335191249847,0.15909090638160706,4.8965121095534414e-05,9.78926254902035e-05,0.9543505311012268
17,0.16091220080852509,0.48590460419654846,0.0025724326260387897,0.005106581375002861,0.9446681141853333,0.16436220705509186,0.26623377203941345,0.00025695934891700745,0.0005132898804731667,0.9543540477752686
18,0.15043263137340546,0.48835617303848267,0.005061540752649307,0.009923010133206844,0.9481576681137085,0.1621323674917221,0.378450870513916,0.0008032353362068534,0.0016007341910153627,0.9543588757514954
19,0.15481117367744446,0.5312820076942444,0.008691525086760521,0.017037825658917427,0.9450835585594177,0.15804828703403473,0.5825591087341309,0.0017159275012090802,0.003409597324207425,0.9543488025665283
20,0.1461120843887329,0.5227957963943481,0.013285488821566105,0.02575088106095791,0.9484941959381104,0.15333212912082672,0.4780804514884949,0.0035007784608751535,0.00692333746701479,0.9543373584747314
21,0.1527949720621109,0.5224705934524536,0.017495326697826385,0.03353352099657059,0.9443582892417908,0.15041759610176086,0.44753551483154297,0.007471089251339436,0.014590191654860973,0.9542902112007141
22,0.14268487691879272,0.5362765192985535,0.02273027040064335,0.04317774251103401,0.9482293128967285,0.14844317734241486,0.43892133235931396,0.014713785611093044,0.028267206624150276,0.9542149901390076
23,0.14525575935840607,0.5413050055503845,0.03605806827545166,0.0669419914484024,0.9455879926681519,0.14721707999706268,0.46694260835647583,0.013622870668768883,0.026217402890324593,0.9542666077613831
24,0.1350364089012146,0.5506488084793091,0.053587790578603745,0.09605598449707031,0.9499210715293884,0.1457647681236267,0.4588163197040558,0.02509567141532898,0.04695771634578705,0.9541972875595093
25,0.14318875968456268,0.5519075393676758,0.06554137915372849,0.11518638581037521,0.9449652433395386,0.1445951610803604,0.4533739387989044,0.033972371369600296,0.062091898173093796,0.9540627002716064
26,0.13526464998722076,0.5511332750320435,0.08703801035881042,0.14854653179645538,0.9474585652351379,0.14477013051509857,0.4621034562587738,0.03877430781722069,0.06992324441671371,0.9539794921875
27,0.13474340736865997,0.5526540279388428,0.0898161232471466,0.1527697890996933,0.9472789764404297,0.14348429441452026,0.45129767060279846,0.04046441987156868,0.07270140945911407,0.9539434313774109
28,0.1272372603416443,0.5596575140953064,0.12378677725791931,0.2003556191921234,0.9496283531188965,0.1427762508392334,0.47894495725631714,0.051181863993406296,0.09008937329053879,0.9540176391601562
29,0.13034756481647491,0.5554842352867126,0.14021706581115723,0.2221335470676422,0.9477217793464661,0.14369212090969086,0.46426647901535034,0.05752250924706459,0.09966780990362167,0.9538414478302002
30,0.1289747804403305,0.5610923171043396,0.15997707843780518,0.2458973079919815,0.9475677013397217,0.14357627928256989,0.4267222285270691,0.09019169211387634,0.145899698138237,0.9529626965522766
31,0.1256052553653717,0.5585185885429382,0.18276631832122803,0.27354881167411804,0.9481515884399414,0.14350320398807526,0.4381427466869354,0.09057898074388504,0.14662666618824005,0.9531707763671875
32,0.12090103328227997,0.5602467656135559,0.17501959204673767,0.26237648725509644,0.9504861831665039,0.14304982125759125,0.44005489349365234,0.1028190329670906,0.16336366534233093,0.9529855847358704
33,0.12308166921138763,0.5700088143348694,0.22622494399547577,0.321863055229187,0.9480996131896973,0.14382977783679962,0.4307154715061188,0.12156020849943161,0.1861828863620758,0.952613115310669
34,0.11748860031366348,0.5707706212997437,0.2266405075788498,0.3225565552711487,0.9499292969703674,0.1425403505563736,0.4308680593967438,0.12006857991218567,0.18373289704322815,0.9527601599693298
35,0.11325865983963013,0.5699238777160645,0.2637459337711334,0.35752248764038086,0.9519248008728027,0.14269985258579254,0.43469464778900146,0.1219862774014473,0.18622761964797974,0.9527705907821655
36,0.11524493247270584,0.565503716468811,0.25774624943733215,0.34717118740081787,0.9504580497741699,0.1424981951713562,0.4444439709186554,0.11996691673994064,0.1842348426580429,0.9529883861541748
37,0.11597110331058502,0.5769528150558472,0.29245972633361816,0.3860848844051361,0.9491596817970276,0.14180582761764526,0.434746652841568,0.15718138217926025,0.22624164819717407,0.952141523361206
38,0.11158667504787445,0.573455274105072,0.2902962267398834,0.38263148069381714,0.951108455657959,0.14348502457141876,0.43042078614234924,0.14727678894996643,0.2145390659570694,0.9522867798805237
39,0.10794762521982193,0.5810655951499939,0.31603068113327026,0.40618136525154114,0.9529358148574829,0.14224845170974731,0.4408666491508484,0.13972525298595428,0.20737618207931519,0.9529030323028564
40,0.1106429398059845,0.5889297723770142,0.3442257344722748,0.43224212527275085,0.9505307674407959,0.14178310334682465,0.43117645382881165,0.16911663115024567,0.23762807250022888,0.9520006775856018
41,0.10267424583435059,0.5888177752494812,0.36740171909332275,0.45076167583465576,0.9538611173629761,0.1419462263584137,0.44085991382598877,0.1500796377658844,0.21938194334506989,0.9527400732040405
42,0.10488081723451614,0.5992513298988342,0.38726967573165894,0.4683705270290375,0.9525547027587891,0.14261221885681152,0.4407922029495239,0.17755214869976044,0.24751406908035278,0.9522486329078674
43,0.1006459966301918,0.5916500687599182,0.39626795053482056,0.47159022092819214,0.9545145630836487,0.14311395585536957,0.44823578000068665,0.16255377233028412,0.23274503648281097,0.9527584314346313
44,0.1012972816824913,0.5986303091049194,0.4052382707595825,0.4816524088382721,0.9538689851760864,0.1417863965034485,0.4289874732494354,0.19442720711231232,0.26350024342536926,0.9516230225563049
45,0.0999397337436676,0.6028904318809509,0.4360564649105072,0.5044165849685669,0.954220175743103,0.1432632952928543,0.4369558095932007,0.18970869481563568,0.2606680691242218,0.952077329158783
46,0.09814611822366714,0.605933666229248,0.44427168369293213,0.5088543891906738,0.9547799825668335,0.14370736479759216,0.4348459243774414,0.194329634308815,0.26399049162864685,0.9520048499107361
47,0.09717200696468353,0.6046099066734314,0.45216095447540283,0.5156835913658142,0.9548508524894714,0.14451982080936432,0.445323646068573,0.17761804163455963,0.2481195479631424,0.9528270959854126
48,0.09475108981132507,0.6081466674804688,0.45460638403892517,0.5163394212722778,0.9562034010887146,0.14218772947788239,0.4382973611354828,0.21520785987377167,0.2834322452545166,0.9518390893936157
49,0.09292525053024292,0.6174556016921997,0.495837539434433,0.5485493540763855,0.956686794757843,0.14407482743263245,0.4246349632740021,0.2223704755306244,0.28797271847724915,0.9511045813560486
50,0.09230197966098785,0.6188492178916931,0.4944263994693756,0.5476194024085999,0.9569191336631775,0.14507466554641724,0.4446570575237274,0.2057446837425232,0.2769373059272766,0.952277421951294
51,0.09230022132396698,0.6197683215141296,0.4989820718765259,0.5497149229049683,0.9566469788551331,0.14409251511096954,0.444536954164505,0.20516781508922577,0.2757716476917267,0.9523346424102783
52,0.08875708281993866,0.6274266839027405,0.5219102501869202,0.5679316520690918,0.9583135843276978,0.14463581144809723,0.44338977336883545,0.2203809767961502,0.29030659794807434,0.9521623253822327
53,0.0893874317407608,0.6237386465072632,0.519787073135376,0.5653730630874634,0.95798259973526,0.14411388337612152,0.4181833565235138,0.2702970802783966,0.3246576488018036,0.9500364661216736
54,0.08697757124900818,0.6292253732681274,0.5287193059921265,0.5733178853988647,0.9592816829681396,0.1459033042192459,0.4496898949146271,0.2304360717535019,0.3000795841217041,0.9523742198944092
55,0.08805765956640244,0.6301679611206055,0.544661283493042,0.5829759240150452,0.9583724141120911,0.14484307169914246,0.44210097193717957,0.2476322501897812,0.31287142634391785,0.9517475366592407
56,0.08491716533899307,0.6395200490951538,0.5543619394302368,0.5927056670188904,0.9598758220672607,0.14689739048480988,0.4503639340400696,0.24188543856143951,0.3097502291202545,0.9523499011993408
57,0.08401337265968323,0.6383670568466187,0.566815972328186,0.5994083285331726,0.9600110650062561,0.1453840583562851,0.43170011043548584,0.27248743176460266,0.329684317111969,0.9509870409965515
58,0.08212889730930328,0.6403482556343079,0.5754656195640564,0.6050745248794556,0.9611110091209412,0.1455385833978653,0.43304044008255005,0.28619807958602905,0.34028494358062744,0.9507789611816406
59,0.08672536164522171,0.6419647932052612,0.5911311507225037,0.6141423583030701,0.9586263298988342,0.14724282920360565,0.4453221261501312,0.2639237344264984,0.32681962847709656,0.9517877697944641
60,0.07756029814481735,0.6487031579017639,0.5935378074645996,0.619142472743988,0.9631030559539795,0.1483657956123352,0.4579675495624542,0.24945783615112305,0.31829699873924255,0.9526405334472656
61,0.08538979291915894,0.6501593589782715,0.6108034253120422,0.628930389881134,0.9590151309967041,0.14797036349773407,0.4417855143547058,0.27485597133636475,0.33468690514564514,0.9515918493270874
62,0.07721814513206482,0.6545501947402954,0.6202134490013123,0.6359946131706238,0.9632245898246765,0.1464385837316513,0.45306500792503357,0.2657826244831085,0.3304594159126282,0.9523897767066956
63,0.07889915257692337,0.6576625108718872,0.6291615962982178,0.6421467065811157,0.9623456597328186,0.1480126976966858,0.45431336760520935,0.26722535490989685,0.33219632506370544,0.9523149132728577
64,0.07682869583368301,0.6549835801124573,0.6137276291847229,0.6323240399360657,0.9631329774856567,0.1484810709953308,0.45771047472953796,0.2844984829425812,0.345310777425766,0.9524116516113281
65,0.07783976197242737,0.6578034162521362,0.6372778415679932,0.6464720964431763,0.9628698229789734,0.15050405263900757,0.4513477087020874,0.27620676159858704,0.3381657302379608,0.9521831274032593
66,0.07606851309537888,0.6637096405029297,0.6387218832969666,0.6502570509910583,0.963554322719574,0.14780552685260773,0.4406030774116516,0.30255940556526184,0.3541099727153778,0.9511968493461609
67,0.07652174681425095,0.6652804613113403,0.6455855965614319,0.6545628309249878,0.9632932543754578,0.1505061686038971,0.44464775919914246,0.2960910201072693,0.35092055797576904,0.9515793323516846
68,0.0755399763584137,0.6584334969520569,0.6467960476875305,0.6504383087158203,0.9638936519622803,0.15060041844844818,0.4293956756591797,0.30220726132392883,0.35150575637817383,0.9503673315048218
69,0.07443881779909134,0.6687254905700684,0.6610332727432251,0.6638944745063782,0.9642337560653687,0.15079563856124878,0.4393622577190399,0.3203463554382324,0.36643773317337036,0.9508340954780579
70,0.07275854051113129,0.6695460677146912,0.6694637537002563,0.6688374280929565,0.9652230739593506,0.15008021891117096,0.4433741271495819,0.3101910650730133,0.36121466755867004,0.9512277245521545
71,0.07472109794616699,0.6725665330886841,0.6742945909500122,0.6727251410484314,0.9640541672706604,0.1514938771724701,0.44808387756347656,0.31490373611450195,0.36557909846305847,0.951534628868103
72,0.0710483267903328,0.6740082502365112,0.6847208142280579,0.6780194044113159,0.9660198092460632,0.15220779180526733,0.4448396861553192,0.32154127955436707,0.37033653259277344,0.9513324499130249
73,0.06832732260227203,0.683820366859436,0.6957617402076721,0.6889687180519104,0.9675241708755493,0.1525202989578247,0.44676458835601807,0.33253800868988037,0.3772168457508087,0.9513359069824219
74,0.07045622169971466,0.6789112687110901,0.6922444105148315,0.6847942471504211,0.9663513898849487,0.15593409538269043,0.4447207748889923,0.3024926483631134,0.35664960741996765,0.951697587966919
75,0.07087381184101105,0.6864381432533264,0.7058053016662598,0.6952024698257446,0.9662477374076843,0.15580499172210693,0.44894811511039734,0.31542447209358215,0.366817444562912,0.9517329931259155
76,0.06838944554328918,0.684317946434021,0.7068086266517639,0.6945582032203674,0.9673847556114197,0.15521417558193207,0.43794286251068115,0.34408366680145264,0.3810688257217407,0.9506579041481018
77,0.06776457279920578,0.685211718082428,0.7071415185928345,0.6953156590461731,0.9677218198776245,0.15334154665470123,0.4517199695110321,0.32899877429008484,0.3764786422252655,0.951948344707489
78,0.06924346834421158,0.6888205409049988,0.7183791995048523,0.7027139663696289,0.9669902920722961,0.15359224379062653,0.45492351055145264,0.33091822266578674,0.37903860211372375,0.952053427696228
79,0.06711705029010773,0.6910287737846375,0.7198097109794617,0.7047429084777832,0.967973530292511,0.15667027235031128,0.43958255648612976,0.34416496753692627,0.38290348649024963,0.950792133808136
80,0.06622041016817093,0.6947079300880432,0.727512776851654,0.7100362181663513,0.9686089158058167,0.1595887988805771,0.4588659405708313,0.31772851943969727,0.37099990248680115,0.9525302648544312
81,0.06566398590803146,0.6956685185432434,0.7271175980567932,0.7103859186172485,0.9688581824302673,0.15672260522842407,0.4509734809398651,0.3474120497703552,0.3882429301738739,0.9516351819038391
82,0.06526102125644684,0.699756920337677,0.7432765364646912,0.7204194068908691,0.9690545797348022,0.15955060720443726,0.4637809693813324,0.32526254653930664,0.37755709886550903,0.9528506994247437
83,0.06361176818609238,0.7000929713249207,0.740581750869751,0.7193627953529358,0.9698941707611084,0.15475338697433472,0.43946006894111633,0.3553231954574585,0.3901710510253906,0.9505687952041626
84,0.06448466330766678,0.7029324173927307,0.7438452243804932,0.7224279046058655,0.9694492220878601,0.15883535146713257,0.4464103579521179,0.3441067934036255,0.3850349187850952,0.951426088809967
85,0.0638497993350029,0.7065685987472534,0.7498190999031067,0.7271102666854858,0.9698306918144226,0.16084951162338257,0.4680371582508087,0.3226795196533203,0.376770943403244,0.9532526135444641
86,0.06265434622764587,0.7064148187637329,0.7534535527229309,0.7287623882293701,0.9704257845878601,0.16135402023792267,0.474293977022171,0.30924785137176514,0.3695325553417206,0.9535834789276123
87,0.06289565563201904,0.7084882855415344,0.7534649968147278,0.7298985123634338,0.9702784419059753,0.1593189388513565,0.45023640990257263,0.3638884425163269,0.39930257201194763,0.9514676928520203
88,0.06109021231532097,0.7117785215377808,0.7585498094558716,0.7339523434638977,0.9712305068969727,0.15984897315502167,0.45663318037986755,0.3489721417427063,0.3923678398132324,0.952212929725647
89,0.061140645295381546,0.7164137959480286,0.7666798830032349,0.7404253482818604,0.9712125658988953,0.16323156654834747,0.4709756076335907,0.3208695352077484,0.3781028091907501,0.9534159302711487
90,0.06188881769776344,0.7120790481567383,0.7620327472686768,0.735367476940155,0.9708437919616699,0.15936551988124847,0.44310522079467773,0.3825686275959015,0.40840303897857666,0.950676679611206
91,0.060011498630046844,0.720672607421875,0.7693027257919312,0.743668794631958,0.9718222618103027,0.16223925352096558,0.4630899727344513,0.3572058379650116,0.39955615997314453,0.9526422619819641
92,0.05979440361261368,0.7207309007644653,0.7760812640190125,0.7468637228012085,0.9719673991203308,0.1623845398426056,0.45424768328666687,0.38086894154548645,0.4110102653503418,0.9518339037895203
93,0.05835071951150894,0.7259403467178345,0.7786877155303955,0.7511804103851318,0.9726861715316772,0.16656336188316345,0.4653386175632477,0.35083797574043274,0.39600810408592224,0.9529845714569092
94,0.058671705424785614,0.7245955467224121,0.7829649448394775,0.7523491978645325,0.9725421667098999,0.16434426605701447,0.4570979177951813,0.36889418959617615,0.4055812656879425,0.9520728588104248
95,0.05802791565656662,0.7272024154663086,0.7822059392929077,0.7533467411994934,0.9728358387947083,0.16673396527767181,0.4613976776599884,0.37114712595939636,0.4079394042491913,0.9523648619651794
96,0.05828709155321121,0.7271710634231567,0.7857621312141418,0.7549603581428528,0.9727951288223267,0.1634770929813385,0.46063268184661865,0.38014736771583557,0.41362813115119934,0.9522954821586609
97,0.05683594197034836,0.7299954891204834,0.782863199710846,0.7552284002304077,0.9734399914741516,0.1642020046710968,0.4554719626903534,0.3813534080982208,0.4122472107410431,0.9519243836402893
98,0.05799882858991623,0.7358796000480652,0.7979320883750916,0.7653128504753113,0.9730523824691772,0.1671607941389084,0.4600140452384949,0.37831684947013855,0.4121270179748535,0.9523388147354126
99,0.05696551129221916,0.7286484837532043,0.7847113609313965,0.7548814415931702,0.9734857678413391,0.1663760095834732,0.4474948048591614,0.39078131318092346,0.41458427906036377,0.9512224793434143
100,0.054523367434740067,0.7378262281417847,0.7993744611740112,0.7670835852622986,0.9746350646018982,0.16669154167175293,0.4541136920452118,0.3864295184612274,0.4147131145000458,0.9518141150474548
101,0.054562829434871674,0.7386004328727722,0.7931349277496338,0.7641710042953491,0.9747210144996643,0.172974094748497,0.47757139801979065,0.34872862696647644,0.39900264143943787,0.953799843788147
102,0.05506588891148567,0.7327143549919128,0.8035261631011963,0.7640848159790039,0.9745267629623413,0.16892240941524506,0.4528101980686188,0.3833636939525604,0.41229286789894104,0.9517825841903687
103,0.05704817175865173,0.7457297444343567,0.8004311323165894,0.7718233466148376,0.9736146330833435,0.17038801312446594,0.47598588466644287,0.36374518275260925,0.40908873081207275,0.953670859336853
104,0.053051818162202835,0.747048020362854,0.8064379096031189,0.7752627730369568,0.9755734801292419,0.1710413098335266,0.48030537366867065,0.3652046322822571,0.4110201895236969,0.9540166258811951
105,0.05378752201795578,0.7479982972145081,0.8018300533294678,0.7737432718276978,0.9752185940742493,0.17243756353855133,0.4774791896343231,0.37297895550727844,0.4154740273952484,0.9538164734840393
106,0.05081158131361008,0.7548230290412903,0.8106860518455505,0.7814566493034363,0.9767463803291321,0.17221412062644958,0.48287832736968994,0.3719640076160431,0.4160328209400177,0.9543269872665405
107,0.052986256778240204,0.7577025294303894,0.8127890825271606,0.784031331539154,0.9757984280586243,0.174162358045578,0.4742473363876343,0.38593724370002747,0.4219854474067688,0.9535924792289734
108,0.05373120680451393,0.7582136988639832,0.814333438873291,0.7850434184074402,0.9754366874694824,0.17348775267601013,0.4770394563674927,0.3802141845226288,0.4200258255004883,0.9537301659584045
109,0.05004091560840607,0.757422149181366,0.8134540915489197,0.7842656373977661,0.9770888686180115,0.1775691658258438,0.4806968569755554,0.37449246644973755,0.4180816411972046,0.9539104700088501
110,0.050881899893283844,0.758386492729187,0.8139616250991821,0.7849312424659729,0.9767098426818848,0.1733427345752716,0.4864122271537781,0.3780617415904999,0.42169424891471863,0.9543928503990173
111,0.05046284571290016,0.7640882134437561,0.8206762671470642,0.7910643815994263,0.9770349264144897,0.1782599687576294,0.49817171692848206,0.36427024006843567,0.41621407866477966,0.9552446007728577
112,0.05141332000494003,0.7636606693267822,0.8177487850189209,0.7896965742111206,0.9765361547470093,0.17436851561069489,0.46773654222488403,0.4018998444080353,0.4296409487724304,0.952785849571228
113,0.05021053925156593,0.7699497938156128,0.8280091881752014,0.79774010181427,0.9771949052810669,0.1771240532398224,0.48665162920951843,0.38043251633644104,0.42351529002189636,0.9543852210044861
114,0.05130613595247269,0.766247034072876,0.820408046245575,0.7921552658081055,0.9766204357147217,0.17729854583740234,0.46895286440849304,0.39857733249664307,0.4281146228313446,0.9530174732208252
115,0.0485437847673893,0.7729532122612,0.823921263217926,0.7974745631217957,0.9780290722846985,0.1756139099597931,0.47102802991867065,0.4022327661514282,0.43125057220458984,0.9531482458114624
116,0.047649286687374115,0.7743391990661621,0.8288024663925171,0.800337553024292,0.9784159064292908,0.1766299307346344,0.4778248071670532,0.39922139048576355,0.43196409940719604,0.9538348913192749
117,0.04721260070800781,0.7762390375137329,0.8268715739250183,0.8005425333976746,0.9786280989646912,0.17892101407051086,0.4608350694179535,0.41480493545532227,0.43437930941581726,0.9522063732147217
118,0.0495547279715538,0.7792280316352844,0.8326127529144287,0.8048573136329651,0.9775993227958679,0.18089674413204193,0.4877694845199585,0.3839244544506073,0.42631253600120544,0.9545929431915283
119,0.045656658709049225,0.7830876111984253,0.8359143733978271,0.8084203004837036,0.979436457157135,0.18190841376781464,0.4850581884384155,0.38194286823272705,0.42393752932548523,0.9543314576148987
120,0.0474092923104763,0.7853375673294067,0.8358628153800964,0.8096626996994019,0.9787042737007141,0.17885273694992065,0.47269049286842346,0.40467163920402527,0.43352949619293213,0.9532487988471985
121,0.046658482402563095,0.7851030230522156,0.8344692587852478,0.8089169859886169,0.9790573716163635,0.18046849966049194,0.4829956293106079,0.3947957754135132,0.4315991699695587,0.9541067481040955
122,0.047792114317417145,0.7837451696395874,0.8313785195350647,0.8066689968109131,0.9784699082374573,0.18219119310379028,0.4740309715270996,0.40056607127189636,0.43165549635887146,0.9534249901771545
123,0.047214288264513016,0.7845361232757568,0.8346461057662964,0.808545708656311,0.9788087010383606,0.18418298661708832,0.4914451837539673,0.3933963477611542,0.4331672489643097,0.9549054503440857
124,0.04518391564488411,0.7899214029312134,0.8375637531280518,0.8127948045730591,0.9797981977462769,0.17904938757419586,0.4675047993659973,0.4183483123779297,0.4392200708389282,0.9527265429496765
125,0.04540187492966652,0.7849088311195374,0.8356311321258545,0.8085336685180664,0.9796491265296936,0.18526330590248108,0.4945755898952484,0.38612937927246094,0.4304255545139313,0.9550032019615173
126,0.04649703577160835,0.789374053478241,0.836197555065155,0.8119848370552063,0.9791393280029297,0.1834249049425125,0.48359623551368713,0.41521215438842773,0.4440420866012573,0.9540755748748779
127,0.04538093879818916,0.7957578897476196,0.8455674052238464,0.8196544051170349,0.9797760844230652,0.186595618724823,0.5123670101165771,0.3774707615375519,0.43008774518966675,0.9564080834388733
128,0.04214447736740112,0.7999652624130249,0.8454750180244446,0.821901261806488,0.9812997579574585,0.1822514683008194,0.49480849504470825,0.4104631543159485,0.4453176259994507,0.955105185508728
129,0.044569749385118484,0.7994630336761475,0.8474978804588318,0.8226510882377625,0.9801809787750244,0.18433453142642975,0.5012085437774658,0.3988625705242157,0.44089213013648987,0.9555684924125671
130,0.04346542805433273,0.7985793352127075,0.8426201939582825,0.8198453187942505,0.9806550145149231,0.1849750578403473,0.49079573154449463,0.40441611409187317,0.4406444728374481,0.9546775817871094
131,0.04422980174422264,0.800763726234436,0.8480364680290222,0.8235463500022888,0.9802895784378052,0.18337439000606537,0.4942202568054199,0.417756587266922,0.4501105546951294,0.9549512267112732
132,0.04251154139637947,0.8057206869125366,0.8505262732505798,0.8274080157279968,0.9811475276947021,0.18892093002796173,0.49853765964508057,0.40534669160842896,0.4440254271030426,0.9553361535072327
133,0.04331177845597267,0.8062754273414612,0.8496290445327759,0.8272809386253357,0.9807422757148743,0.18625964224338531,0.5079860091209412,0.4023221731185913,0.4454438090324402,0.9560862183570862
134,0.04148809611797333,0.8108415603637695,0.8540113568305969,0.8317224979400635,0.9816804528236389,0.18528246879577637,0.48690053820610046,0.4303576350212097,0.4540083110332489,0.954413652420044
135,0.04160954803228378,0.8109403848648071,0.8548001050949097,0.8321762681007385,0.9815834164619446,0.18607588112354279,0.49418017268180847,0.41571199893951416,0.4488429129123688,0.9550847411155701
136,0.04168595001101494,0.8064744472503662,0.8509571552276611,0.8279394507408142,0.981509804725647,0.18597780168056488,0.49444615840911865,0.42401188611984253,0.4539288580417633,0.9550243616104126
137,0.04135260730981827,0.8122050166130066,0.8531825542449951,0.8320621848106384,0.9817830920219421,0.18757463991641998,0.4876503646373749,0.4257398545742035,0.452170729637146,0.9545204639434814
138,0.04133446514606476,0.8116508722305298,0.8582087159156799,0.8340202569961548,0.9817695021629333,0.18877330422401428,0.48796290159225464,0.43446648120880127,0.45699071884155273,0.9544702172279358
139,0.04039379954338074,0.8177251219749451,0.8564258813858032,0.8364960551261902,0.982177734375,0.1903035044670105,0.49146535992622375,0.4269780218601227,0.4541599154472351,0.9547874927520752
140,0.04030914604663849,0.8163630366325378,0.8567765951156616,0.835932731628418,0.9822100400924683,0.1908123940229416,0.5035592317581177,0.4172033965587616,0.4529520273208618,0.9557817578315735
141,0.0393669418990612,0.8194652199745178,0.8598371744155884,0.8390324115753174,0.9826803207397461,0.19426847994327545,0.4985255002975464,0.4229707717895508,0.45472419261932373,0.9553593993186951
142,0.041845183819532394,0.8164187669754028,0.8591511845588684,0.8371171951293945,0.9815122485160828,0.1953364908695221,0.510265588760376,0.4001648724079132,0.4454534649848938,0.9561656713485718
143,0.03784017637372017,0.8234215378761292,0.8635385036468506,0.8428981304168701,0.9834519028663635,0.19202591478824615,0.49375513195991516,0.43426722288131714,0.45951512455940247,0.9548804759979248
144,0.040577758103609085,0.8218619227409363,0.8634583353996277,0.8420050740242004,0.9821673631668091,0.19437603652477264,0.5106944441795349,0.4097031354904175,0.45120909810066223,0.9562801122665405
145,0.03835762292146683,0.8268197178840637,0.8649548292160034,0.845331072807312,0.9831824898719788,0.19235537946224213,0.5053601861000061,0.42734041810035706,0.4605333209037781,0.955885112285614
146,0.03537330403923988,0.8304437398910522,0.8686742782592773,0.8490480184555054,0.9846277236938477,0.19228115677833557,0.5045797228813171,0.4352169930934906,0.4644431173801422,0.9559378027915955
147,0.03789162263274193,0.8295735716819763,0.8674055933952332,0.8479152321815491,0.9833921194076538,0.19449354708194733,0.5151786804199219,0.4232774078845978,0.4616178274154663,0.9567222595214844
148,0.039013855159282684,0.8305487036705017,0.8680683374404907,0.84873366355896,0.9829527735710144,0.19483989477157593,0.5126488208770752,0.42534521222114563,0.4616715610027313,0.9565398693084717
149,0.038411419838666916,0.824781060218811,0.8624041080474854,0.8430295586585999,0.9830832481384277,0.19318236410617828,0.5007965564727783,0.44500425457954407,0.4686010479927063,0.9556884765625
150,0.038536008447408676,0.8330914974212646,0.8705936670303345,0.8513382077217102,0.9832291603088379,0.19468122720718384,0.5043706297874451,0.4343223571777344,0.4640180766582489,0.955953061580658
151,0.03766871243715286,0.8316903114318848,0.8703871965408325,0.8504735231399536,0.983589768409729,0.1963043212890625,0.5123900771141052,0.4229199290275574,0.460172563791275,0.9565387964248657
152,0.03521091863512993,0.8322992920875549,0.8687547445297241,0.849916934967041,0.9846460819244385,0.19682615995407104,0.5045424699783325,0.43368521332740784,0.46390047669410706,0.9559080004692078
153,0.03873831033706665,0.8340301513671875,0.8716870546340942,0.8523575067520142,0.9831090569496155,0.19823430478572845,0.5128095746040344,0.4220563769340515,0.460069477558136,0.9564843773841858
154,0.03619253635406494,0.8385734558105469,0.8740790486335754,0.8558309674263,0.9842672348022461,0.19671602547168732,0.5029692053794861,0.4374183714389801,0.465265154838562,0.9558212757110596
155,0.03631315752863884,0.8360142111778259,0.8724186420440674,0.853712797164917,0.9842113256454468,0.1979988068342209,0.4983976483345032,0.4374377131462097,0.46360787749290466,0.9554162621498108
156,0.03615555912256241,0.8372491598129272,0.8701854944229126,0.8533151149749756,0.9842758774757385,0.20239470899105072,0.5034199953079224,0.4333774745464325,0.4630168080329895,0.9558400511741638
157,0.03508090227842331,0.8434160947799683,0.8774813413619995,0.8600419163703918,0.9848648905754089,0.20336051285266876,0.5070477724075317,0.42803850769996643,0.46151912212371826,0.9561403393745422
158,0.03607896342873573,0.840272843837738,0.8741961121559143,0.8568378686904907,0.9843271374702454,0.20053070783615112,0.4982735514640808,0.4409072995185852,0.46533262729644775,0.9554700255393982
159,0.034897733479738235,0.843047022819519,0.8760345578193665,0.8591352701187134,0.984866201877594,0.19979268312454224,0.509427547454834,0.4351312518119812,0.4666808247566223,0.9563196301460266
160,0.0359174981713295,0.8422010540962219,0.8780238032341003,0.8596446514129639,0.9844227433204651,0.20101132988929749,0.49950486421585083,0.4433344602584839,0.4671754837036133,0.9555681347846985
161,0.034566521644592285,0.8454729914665222,0.8797889947891235,0.862204909324646,0.985076904296875,0.2026885449886322,0.5081902146339417,0.44164198637008667,0.4696301519870758,0.9562225341796875
162,0.034421082586050034,0.8425238132476807,0.8760948777198792,0.8588652610778809,0.9850721955299377,0.2045319676399231,0.5138063430786133,0.4298177659511566,0.46520861983299255,0.9566442370414734
163,0.03471730649471283,0.8502532839775085,0.8819507360458374,0.8657150864601135,0.9850198030471802,0.2043466717004776,0.49218690395355225,0.4462950825691223,0.46575918793678284,0.9549917578697205
164,0.03275347501039505,0.850341796875,0.8854345679283142,0.8673463463783264,0.9859287142753601,0.20701384544372559,0.5197506546974182,0.42928269505500793,0.46636074781417847,0.9572462439537048
165,0.03480195999145508,0.8524633646011353,0.885386049747467,0.8685210347175598,0.9850332140922546,0.2079063355922699,0.526542603969574,0.42279669642448425,0.4650876224040985,0.957584023475647
166,0.032413382083177567,0.8538729548454285,0.8844811320304871,0.8688086867332458,0.9860227704048157,0.2085465043783188,0.5130448341369629,0.43555352091789246,0.46806594729423523,0.9566983580589294
167,0.031570810824632645,0.8528480529785156,0.881678581237793,0.8669445514678955,0.9863725304603577,0.206035315990448,0.5175830721855164,0.4378160238265991,0.4707871377468109,0.9571256041526794
168,0.03407198563218117,0.8520475625991821,0.8851280212402344,0.8682082891464233,0.9852884411811829,0.2074562907218933,0.501957356929779,0.4436309039592743,0.46873825788497925,0.9557710289955139
169,0.03512273356318474,0.8497171401977539,0.8809571266174316,0.8649613261222839,0.9848760366439819,0.2082216888666153,0.52358478307724,0.4296365976333618,0.4681718051433563,0.9575437903404236
170,0.03249794617295265,0.8546714782714844,0.8844838738441467,0.8692407608032227,0.9860434532165527,0.20991355180740356,0.5241615176200867,0.4222429096698761,0.46453478932380676,0.9574823975563049
171,0.032078567892313004,0.8586600422859192,0.8897790908813477,0.8738355040550232,0.986225962638855,0.20989342033863068,0.5254351496696472,0.43069589138031006,0.4699591398239136,0.9575393199920654
172,0.03224588558077812,0.8595800399780273,0.8893296122550964,0.8741646409034729,0.9861363768577576,0.20967622101306915,0.5203667283058167,0.43430835008621216,0.47048529982566833,0.9571276307106018
173,0.032998040318489075,0.8585137128829956,0.8887407183647156,0.8732377886772156,0.9857987761497498,0.2107049971818924,0.5246469378471375,0.43842583894729614,0.47420990467071533,0.957597553730011
174,0.0305353794246912,0.8607190251350403,0.8899246454238892,0.8750017881393433,0.9869511723518372,0.2104577124118805,0.5284528136253357,0.4277293086051941,0.4691886007785797,0.9578063488006592
175,0.031162554398179054,0.8646183609962463,0.8924570679664612,0.8782597184181213,0.9867324829101562,0.21352477371692657,0.5195277333259583,0.44238853454589844,0.4746726155281067,0.957085371017456
176,0.029567044228315353,0.8664105534553528,0.8947588801383972,0.8802269101142883,0.9873698353767395,0.2080588936805725,0.5139340758323669,0.4558301866054535,0.4804868698120117,0.9567514061927795
177,0.031480539590120316,0.8632290959358215,0.8938401937484741,0.8782098293304443,0.986548662185669,0.2137562334537506,0.5218503475189209,0.44618871808052063,0.47787636518478394,0.9573673009872437
178,0.030625980347394943,0.8650906682014465,0.8930906653404236,0.8787727355957031,0.9869167804718018,0.2154625505208969,0.5241192579269409,0.4362580478191376,0.4728448987007141,0.9575226306915283
179,0.030904054641723633,0.8675015568733215,0.8967629075050354,0.8818433284759521,0.9867772459983826,0.21692433953285217,0.5231785178184509,0.4375053644180298,0.4736144244670868,0.957431435585022
180,0.030140582472085953,0.8653678894042969,0.8926236629486084,0.8787128925323486,0.9871057271957397,0.21760553121566772,0.5282241702079773,0.4338138699531555,0.473245233297348,0.9577744007110596
181,0.03162308782339096,0.8644276857376099,0.8909028172492981,0.877407431602478,0.98651123046875,0.21578270196914673,0.526321291923523,0.4365673065185547,0.4741308093070984,0.9576277136802673
182,0.03144538030028343,0.8612561821937561,0.8894553184509277,0.8750291466712952,0.9865427017211914,0.21426214277744293,0.5166754126548767,0.4499419927597046,0.47848889231681824,0.9569525122642517
183,0.03088271990418434,0.8660098314285278,0.8926345705986023,0.8790403604507446,0.9867867231369019,0.21588028967380524,0.5352408289909363,0.43315190076828003,0.4753645658493042,0.9583112597465515
184,0.030353739857673645,0.8687120079994202,0.89512038230896,0.8816630840301514,0.9869826436042786,0.21349745988845825,0.5129167437553406,0.45429208874702454,0.47903871536254883,0.9567447900772095
185,0.030548803508281708,0.8668650984764099,0.8934771418571472,0.8799307942390442,0.9870054125785828,0.21456319093704224,0.5362274050712585,0.4472860097885132,0.48436543345451355,0.9584846496582031
186,0.029796164482831955,0.8712232112884521,0.896952748298645,0.8838501572608948,0.9873433709144592,0.21258948743343353,0.5166674852371216,0.464173823595047,0.4863783121109009,0.9570139050483704
187,0.029443662613630295,0.8734754920005798,0.8996869325637817,0.8863352537155151,0.9874888062477112,0.21452470123767853,0.5265428423881531,0.4550839364528656,0.48518016934394836,0.9577882885932922
188,0.02829495631158352,0.8743338584899902,0.9008591771125793,0.8873506188392639,0.9879900217056274,0.21662507951259613,0.5172353386878967,0.45665979385375977,0.48252227902412415,0.9570534229278564
189,0.029640747234225273,0.8717746138572693,0.8973386883735657,0.8843131065368652,0.9873780608177185,0.21669234335422516,0.5296082496643066,0.4546176791191101,0.4864015579223633,0.9580244421958923
190,0.029006242752075195,0.8737614154815674,0.9005917906761169,0.8868982195854187,0.987640917301178,0.21871604025363922,0.5284163951873779,0.4540508985519409,0.4855661690235138,0.9578840136528015
191,0.02797762118279934,0.8767513632774353,0.8998256325721741,0.8880786299705505,0.9881094694137573,0.21817617118358612,0.5330824255943298,0.4549430012702942,0.4880520701408386,0.9581902027130127
192,0.028103424236178398,0.8780291080474854,0.9027115702629089,0.8901500105857849,0.9881218671798706,0.21667362749576569,0.5319649577140808,0.4565364122390747,0.48867523670196533,0.9581853747367859
193,0.02786555141210556,0.8771677017211914,0.9027753472328186,0.8896628618240356,0.9881798624992371,0.22103041410446167,0.5300052165985107,0.45816993713378906,0.48852625489234924,0.9580643177032471
194,0.028651125729084015,0.879894495010376,0.9051079750061035,0.8922592997550964,0.9879111051559448,0.22259527444839478,0.5390421152114868,0.44685667753219604,0.48543739318847656,0.9587270617485046
195,0.026103759184479713,0.8813639879226685,0.9055235981941223,0.8932462930679321,0.9889817237854004,0.21963167190551758,0.5251157283782959,0.4646899402141571,0.4905151128768921,0.9576852917671204
196,0.028151165693998337,0.8801345825195312,0.9044024348258972,0.8920500874519348,0.9880297183990479,0.22157402336597443,0.5385406017303467,0.44978559017181396,0.48686084151268005,0.9586784839630127
197,0.026873962953686714,0.8805195093154907,0.9051902890205383,0.8926233649253845,0.9886707663536072,0.2239224761724472,0.5376848578453064,0.4447897970676422,0.48331156373023987,0.9586896300315857
198,0.0288756862282753,0.87981116771698,0.9031146764755249,0.8912762999534607,0.9877463579177856,0.22320598363876343,0.5377200841903687,0.4559822976589203,0.49056071043014526,0.9585713744163513
199,0.028188779950141907,0.8807317018508911,0.9035764336585999,0.891922652721405,0.9881603121757507,0.22329288721084595,0.5375606417655945,0.4547533690929413,0.48964545130729675,0.958574116230011
